store_nbr,family,sales_lag_7,sales_rolling_mean_7
54,SCHOOL AND OFFICE SUPPLIES,0.0,0.0
27,SEAFOOD,6.429,18.927857071428573
54,PREPARED FOODS,86.0,87.28571428571429
18,MAGAZINES,1.0,3.142857142857143
18,MEATS,95.763,89.18314285714287
18,PERSONAL CARE,121.0,142.85714285714286
18,PET SUPPLIES,3.0,3.857142857142857
18,PLAYERS AND ELECTRONICS,6.0,6.714285714285714
18,POULTRY,161.29199,155.02428571428572
18,PREPARED FOODS,45.927002,47.38471485714286
18,PRODUCE,3146.355,1631.5079999999998
18,SCHOOL AND OFFICE SUPPLIES,35.0,47.714285714285715
18,SEAFOOD,19.122,12.320857071428572
19,AUTOMOTIVE,0.0,4.714285714285714
19,BABY CARE,0.0,0.2857142857142857
19,BEAUTY,2.0,2.5714285714285716
19,BEVERAGES,2607.0,2650.714285714286
19,BOOKS,0.0,0.0
19,BREAD/BAKERY,168.0,161.0
19,CELEBRATION,9.0,7.571428571428571
19,CLEANING,939.0,852.1428571428571
19,DAIRY,322.0,336.0
19,DELI,354.0,313.57142857142856
19,EGGS,52.0,61.42857142857143
19,FROZEN FOODS,29.0,41.126571428571424
19,GROCERY I,3475.0,3314.8571428571427
18,"LIQUOR,WINE,BEER",30.0,58.57142857142857
18,LINGERIE,15.0,5.857142857142857
18,LAWN AND GARDEN,1.0,1.1428571428571428
18,LADIESWEAR,7.0,7.428571428571429
17,POULTRY,349.655,354.0338571428571
17,PREPARED FOODS,54.0,63.857142857142854
17,PRODUCE,2251.63,1364.2281428571428
17,SCHOOL AND OFFICE SUPPLIES,0.0,17.857142857142858
17,SEAFOOD,17.0,11.714285714285714
18,AUTOMOTIVE,3.0,3.857142857142857
18,BABY CARE,0.0,0.0
18,BEAUTY,6.0,3.857142857142857
18,BEVERAGES,2013.0,1923.2857142857142
18,BOOKS,0.0,0.0
18,BREAD/BAKERY,532.0,504.57142857142856
19,GROCERY II,1.0,12.142857142857142
18,CELEBRATION,8.0,9.0
18,DAIRY,505.0,516.1428571428571
18,DELI,138.524,168.47985714285713
18,EGGS,129.0,167.71428571428572
18,FROZEN FOODS,53.0,53.80885714285715
18,GROCERY I,2674.523,2541.0178571428573
18,GROCERY II,20.0,13.714285714285714
18,HARDWARE,1.0,1.0
18,HOME AND KITCHEN I,10.0,22.0
18,HOME AND KITCHEN II,22.0,21.142857142857142
18,HOME APPLIANCES,0.0,0.0
18,HOME CARE,134.0,172.14285714285714
18,CLEANING,553.0,535.2857142857143
19,HARDWARE,0.0,1.1428571428571428
19,HOME AND KITCHEN I,7.0,12.714285714285714
19,HOME AND KITCHEN II,12.0,13.714285714285714
20,GROCERY I,5562.758,5891.445428571429
20,GROCERY II,14.0,13.714285714285714
20,HARDWARE,0.0,0.8571428571428571
20,HOME AND KITCHEN I,15.0,15.857142857142858
20,HOME AND KITCHEN II,10.0,13.428571428571429
20,HOME APPLIANCES,0.0,0.0
20,HOME CARE,321.0,333.14285714285717
20,LADIESWEAR,0.0,0.8571428571428571
20,LAWN AND GARDEN,5.0,7.285714285714286
20,LINGERIE,0.0,4.857142857142857
20,"LIQUOR,WINE,BEER",21.0,55.285714285714285
20,FROZEN FOODS,78.0,94.76442857142857
20,MAGAZINES,3.0,2.5714285714285716
20,PERSONAL CARE,383.0,380.7142857142857
20,PET SUPPLIES,2.0,4.571428571428571
20,PLAYERS AND ELECTRONICS,3.0,8.142857142857142
20,POULTRY,251.912,334.609
20,PREPARED FOODS,65.048996,69.729714
20,PRODUCE,1063.347,1008.5644285714285
20,SCHOOL AND OFFICE SUPPLIES,94.0,83.42857142857143
20,SEAFOOD,18.982,15.982714142857143
21,AUTOMOTIVE,7.0,10.142857142857142
21,BABY CARE,1.0,0.5714285714285714
21,BEAUTY,7.0,5.285714285714286
20,MEATS,284.558,359.63043571428574
17,PLAYERS AND ELECTRONICS,7.0,9.428571428571429
20,EGGS,79.0,114.57142857142857
20,DAIRY,663.0,727.7142857142857
19,HOME APPLIANCES,0.0,0.14285714285714285
19,HOME CARE,217.0,168.14285714285714
19,LADIESWEAR,4.0,8.428571428571429
19,LAWN AND GARDEN,0.0,0.0
19,LINGERIE,1.0,2.857142857142857
19,"LIQUOR,WINE,BEER",63.0,52.142857142857146
19,MAGAZINES,2.0,2.7142857142857144
19,MEATS,131.321,139.46014142857143
19,PERSONAL CARE,189.0,186.85714285714286
19,PET SUPPLIES,1.0,1.2857142857142858
19,PLAYERS AND ELECTRONICS,2.0,7.0
20,DELI,776.426,663.6632857142857
19,POULTRY,145.494,144.69799999999998
19,PRODUCE,500.601,477.13314285714284
19,SCHOOL AND OFFICE SUPPLIES,6.0,7.714285714285714
19,SEAFOOD,10.0,5.571428571428571
20,AUTOMOTIVE,4.0,8.285714285714286
20,BABY CARE,0.0,0.14285714285714285
20,BEAUTY,10.0,5.0
20,BEVERAGES,3675.0,4623.714285714285
20,BOOKS,0.0,0.0
20,BREAD/BAKERY,434.0,532.1428571428571
20,CELEBRATION,3.0,6.857142857142857
20,CLEANING,1149.0,1207.7142857142858
19,PREPARED FOODS,41.0,25.142857142857142
21,BEVERAGES,4133.0,3190.4285714285716
17,PET SUPPLIES,2.0,2.857142857142857
17,MEATS,256.315,247.52485714285714
15,FROZEN FOODS,62.0,63.857142857142854
15,GROCERY I,2723.0,2480.285714285714
15,GROCERY II,3.0,5.142857142857143
15,HARDWARE,5.0,1.8571428571428572
15,HOME AND KITCHEN I,13.0,10.714285714285714
15,HOME AND KITCHEN II,24.0,18.714285714285715
15,HOME APPLIANCES,1.0,0.14285714285714285
15,HOME CARE,232.0,201.14285714285714
15,LADIESWEAR,9.0,7.142857142857143
15,LAWN AND GARDEN,0.0,0.0
15,LINGERIE,1.0,2.4285714285714284
15,"LIQUOR,WINE,BEER",24.0,23.571428571428573
15,MAGAZINES,4.0,2.2857142857142856
15,MEATS,139.346,120.60471428571428
15,PERSONAL CARE,212.0,171.85714285714286
15,PET SUPPLIES,0.0,0.8571428571428571
15,PLAYERS AND ELECTRONICS,3.0,4.571428571428571
15,POULTRY,124.954,108.80385771428573
15,PREPARED FOODS,40.0,37.714285714285715
15,PRODUCE,993.468,590.0381428571428
15,SCHOOL AND OFFICE SUPPLIES,0.0,9.428571428571429
15,SEAFOOD,14.0,5.571428571428571
16,AUTOMOTIVE,6.0,4.428571428571429
15,EGGS,85.0,104.28571428571429
15,DELI,221.0,231.85714285714286
15,DAIRY,369.0,319.2857142857143
15,CLEANING,920.0,766.2857142857143
14,HOME AND KITCHEN II,13.0,17.142857142857142
14,HOME APPLIANCES,0.0,0.0
14,HOME CARE,152.0,169.85714285714286
14,LADIESWEAR,0.0,1.2857142857142858
14,LAWN AND GARDEN,0.0,0.0
14,LINGERIE,2.0,2.0
14,"LIQUOR,WINE,BEER",6.0,17.142857142857142
14,MAGAZINES,0.0,2.4285714285714284
14,MEATS,223.57901,253.9217157142857
14,PERSONAL CARE,211.0,234.85714285714286
14,PET SUPPLIES,0.0,0.7142857142857143
16,BABY CARE,0.0,0.2857142857142857
14,PLAYERS AND ELECTRONICS,4.0,4.857142857142857
14,PREPARED FOODS,101.0,88.28571428571429
14,PRODUCE,405.954,357.23657142857144
14,SCHOOL AND OFFICE SUPPLIES,0.0,6.285714285714286
14,SEAFOOD,2.0,4.428571428571429
15,AUTOMOTIVE,7.0,5.285714285714286
15,BABY CARE,1.0,1.0
15,BEAUTY,1.0,3.7142857142857144
15,BEVERAGES,1767.0,1525.5714285714287
15,BOOKS,0.0,0.0
15,BREAD/BAKERY,147.0,135.0
15,CELEBRATION,2.0,5.857142857142857
14,POULTRY,61.149998,85.60342828571429
16,BEAUTY,2.0,0.8571428571428571
16,BEVERAGES,987.0,1359.7142857142858
16,BOOKS,0.0,0.0
17,AUTOMOTIVE,3.0,6.0
17,BABY CARE,0.0,0.42857142857142855
17,BEAUTY,1.0,2.7142857142857144
17,BEVERAGES,2994.0,2901.5714285714284
17,BOOKS,0.0,0.0
17,BREAD/BAKERY,284.0,303.7142857142857
17,CELEBRATION,7.0,6.0
17,CLEANING,968.0,995.0
17,DAIRY,585.0,695.5714285714286
17,DELI,432.0,492.14285714285717
17,EGGS,134.0,168.42857142857142
16,SEAFOOD,2.0,1.2857142857142858
17,FROZEN FOODS,116.0,103.71428571428571
17,GROCERY II,16.0,16.285714285714285
17,HARDWARE,2.0,1.1428571428571428
17,HOME AND KITCHEN I,19.0,29.142857142857142
17,HOME AND KITCHEN II,15.0,23.571428571428573
17,HOME APPLIANCES,0.0,0.0
17,HOME CARE,265.0,256.2857142857143
17,LADIESWEAR,0.0,0.0
17,LAWN AND GARDEN,0.0,0.0
17,LINGERIE,4.0,7.571428571428571
17,"LIQUOR,WINE,BEER",19.0,53.142857142857146
17,MAGAZINES,4.0,5.714285714285714
17,GROCERY I,3960.0,4123.857142857143
17,PERSONAL CARE,236.0,255.42857142857142
16,SCHOOL AND OFFICE SUPPLIES,0.0,0.0
16,PREPARED FOODS,33.0,33.285714285714285
16,BREAD/BAKERY,164.0,138.14285714285714
16,CELEBRATION,1.0,5.0
16,CLEANING,658.0,649.7142857142857
16,DAIRY,216.0,244.85714285714286
16,DELI,152.0,139.42857142857142
16,EGGS,99.0,149.0
16,FROZEN FOODS,23.984001,39.228142999999996
16,GROCERY I,1802.0,1984.7142857142858
16,GROCERY II,9.0,6.571428571428571
16,HARDWARE,0.0,0.0
16,HOME AND KITCHEN I,12.0,15.285714285714286
16,PRODUCE,868.394,508.03257142857143
16,HOME AND KITCHEN II,15.0,16.142857142857142
16,HOME CARE,119.0,155.14285714285714
16,LADIESWEAR,0.0,0.0
16,LAWN AND GARDEN,0.0,0.0
16,LINGERIE,1.0,2.2857142857142856
16,"LIQUOR,WINE,BEER",16.0,32.57142857142857
16,MAGAZINES,1.0,1.4285714285714286
16,MEATS,39.374,46.759142857142855
16,PERSONAL CARE,105.0,121.57142857142857
16,PET SUPPLIES,0.0,1.1428571428571428
16,PLAYERS AND ELECTRONICS,1.0,2.5714285714285716
16,POULTRY,54.404,69.72571428571429
16,HOME APPLIANCES,0.0,0.0
21,BOOKS,0.0,0.0
21,BREAD/BAKERY,437.0,452.7142857142857
21,CELEBRATION,7.0,8.857142857142858
25,HOME AND KITCHEN I,25.0,35.285714285714285
25,HOME AND KITCHEN II,9.0,15.714285714285714
25,HOME APPLIANCES,0.0,0.0
25,HOME CARE,68.0,125.57142857142857
25,LADIESWEAR,0.0,0.0
25,LAWN AND GARDEN,8.0,30.571428571428573
25,LINGERIE,4.0,5.571428571428571
25,"LIQUOR,WINE,BEER",255.0,454.7142857142857
25,MAGAZINES,8.0,18.714285714285715
25,MEATS,113.948,271.39214
25,PERSONAL CARE,97.0,133.42857142857142
25,PET SUPPLIES,3.0,7.0
25,PLAYERS AND ELECTRONICS,8.0,7.285714285714286
25,POULTRY,138.095,236.48271428571428
25,PREPARED FOODS,30.088,53.098429
25,PRODUCE,1087.485,2290.1127285714283
25,SCHOOL AND OFFICE SUPPLIES,1.0,1.1428571428571428
25,SEAFOOD,5.0,8.571428571428571
26,AUTOMOTIVE,2.0,2.7142857142857144
26,BABY CARE,0.0,0.0
26,BEAUTY,1.0,0.5714285714285714
26,BEVERAGES,607.0,671.5714285714286
26,BOOKS,0.0,0.0
25,HARDWARE,1.0,2.2857142857142856
25,GROCERY II,22.0,33.57142857142857
25,GROCERY I,1361.0,2386.714285714286
25,FROZEN FOODS,69.325,184.57
24,LAWN AND GARDEN,42.0,36.42857142857143
24,LINGERIE,5.0,9.0
24,"LIQUOR,WINE,BEER",56.0,85.57142857142857
24,MAGAZINES,7.0,10.714285714285714
24,MEATS,321.037,393.62
24,PERSONAL CARE,260.0,246.57142857142858
24,PET SUPPLIES,19.0,15.142857142857142
24,PLAYERS AND ELECTRONICS,9.0,10.428571428571429
24,POULTRY,457.129,488.7658571428571
24,PREPARED FOODS,111.148,112.98714342857143
24,PRODUCE,3127.175,3478.6114285714284
26,BREAD/BAKERY,230.0,209.0
24,SCHOOL AND OFFICE SUPPLIES,0.0,0.0
25,AUTOMOTIVE,6.0,3.142857142857143
25,BABY CARE,0.0,0.0
25,BEAUTY,5.0,4.571428571428571
25,BEVERAGES,1357.0,3007.1428571428573
25,BOOKS,0.0,0.0
25,BREAD/BAKERY,304.017,526.0922857142857
25,CELEBRATION,4.0,11.285714285714286
25,CLEANING,320.0,569.1428571428571
25,DAIRY,490.0,808.0
25,DELI,123.071,193.87557142857142
25,EGGS,102.0,178.0
24,SEAFOOD,21.828001,22.795857285714288
26,CELEBRATION,3.0,4.571428571428571
26,CLEANING,220.0,250.0
26,DAIRY,133.0,218.0
27,BOOKS,0.0,0.14285714285714285
27,BREAD/BAKERY,475.312,591.8608571428571
27,CELEBRATION,14.0,16.857142857142858
27,CLEANING,609.0,771.8571428571429
27,DAIRY,794.0,977.1428571428571
27,DELI,205.687,285.2347142857143
27,EGGS,160.0,235.0
27,FROZEN FOODS,83.22,152.5364285714286
27,GROCERY I,2859.0,3658.1428571428573
27,GROCERY II,22.0,36.142857142857146
27,HARDWARE,1.0,3.2857142857142856
27,BEVERAGES,2188.0,2977.1428571428573
27,HOME AND KITCHEN I,14.0,20.571428571428573
27,HOME APPLIANCES,0.0,0.0
27,HOME CARE,167.0,195.28571428571428
27,LADIESWEAR,6.0,7.857142857142857
27,LAWN AND GARDEN,40.0,44.857142857142854
27,LINGERIE,17.0,14.428571428571429
27,"LIQUOR,WINE,BEER",85.0,217.57142857142858
27,MAGAZINES,3.0,5.142857142857143
27,MEATS,219.986,296.09857285714287
27,PERSONAL CARE,175.0,225.85714285714286
27,PET SUPPLIES,7.0,10.0
27,PLAYERS AND ELECTRONICS,4.0,9.714285714285714
27,HOME AND KITCHEN II,17.0,33.714285714285715
24,LADIESWEAR,23.0,12.0
27,BEAUTY,1.0,2.2857142857142856
27,AUTOMOTIVE,7.0,7.285714285714286
26,DELI,65.024,75.51414285714286
26,EGGS,29.0,29.142857142857142
26,FROZEN FOODS,34.324,35.308000000000064
26,GROCERY I,939.0,1157.4285714285713
26,GROCERY II,13.0,4.285714285714286
26,HARDWARE,0.0,0.5714285714285714
26,HOME AND KITCHEN I,0.0,6.857142857142857
26,HOME AND KITCHEN II,8.0,7.571428571428571
26,HOME APPLIANCES,0.0,0.14285714285714285
26,HOME CARE,51.0,57.57142857142857
26,LADIESWEAR,0.0,0.0
27,BABY CARE,0.0,0.5714285714285714
26,LAWN AND GARDEN,3.0,5.857142857142857
26,"LIQUOR,WINE,BEER",7.0,25.428571428571427
26,MAGAZINES,1.0,0.2857142857142857
26,MEATS,174.925,261.6212857142857
26,PERSONAL CARE,92.0,88.14285714285714
26,PET SUPPLIES,3.0,2.4285714285714284
26,PLAYERS AND ELECTRONICS,1.0,1.5714285714285714
26,POULTRY,101.557,142.16185585714285
26,PREPARED FOODS,56.0,27.428571428571427
26,PRODUCE,355.541,508.21099999999996
26,SCHOOL AND OFFICE SUPPLIES,0.0,0.8571428571428571
26,SEAFOOD,3.0,2.0
26,LINGERIE,3.0,0.7142857142857143
24,HOME CARE,220.0,227.14285714285714
24,HOME APPLIANCES,0.0,0.0
24,HOME AND KITCHEN II,16.0,23.714285714285715
22,BEAUTY,0.0,2.7142857142857144
22,BEVERAGES,1777.0,1928.0
22,BOOKS,0.0,0.0
22,BREAD/BAKERY,125.0,122.57142857142857
22,CELEBRATION,4.0,7.285714285714286
22,CLEANING,550.0,665.0
22,DAIRY,282.0,320.14285714285717
22,DELI,149.0,150.0
22,EGGS,28.0,39.42857142857143
22,FROZEN FOODS,37.0,64.54299999999999
22,GROCERY I,2259.0,2578.285714285714
22,BABY CARE,0.0,0.0
22,GROCERY II,5.0,8.714285714285714
22,HOME AND KITCHEN I,32.0,25.285714285714285
22,HOME AND KITCHEN II,23.0,22.714285714285715
22,HOME APPLIANCES,0.0,0.0
22,HOME CARE,165.0,169.57142857142858
22,LADIESWEAR,0.0,0.2857142857142857
22,LAWN AND GARDEN,0.0,0.0
22,LINGERIE,4.0,6.142857142857143
22,"LIQUOR,WINE,BEER",16.0,200.0
22,MAGAZINES,3.0,3.2857142857142856
22,MEATS,84.048,109.21428428571429
22,PERSONAL CARE,125.0,142.28571428571428
22,HARDWARE,5.0,1.4285714285714286
22,PET SUPPLIES,2.0,1.4285714285714286
22,AUTOMOTIVE,2.0,4.428571428571429
21,SCHOOL AND OFFICE SUPPLIES,0.0,0.0
21,CLEANING,1169.0,1169.5714285714287
21,DAIRY,654.0,619.5714285714286
21,DELI,367.827,319.0641428571429
21,EGGS,221.0,289.85714285714283
21,FROZEN FOODS,91.0,98.27799999999999
21,GROCERY I,4643.313,4374.850285714287
21,GROCERY II,26.0,15.571428571428571
21,HARDWARE,0.0,0.5714285714285714
21,HOME AND KITCHEN I,23.0,37.142857142857146
21,HOME AND KITCHEN II,30.0,33.142857142857146
21,HOME APPLIANCES,1.0,0.14285714285714285
21,SEAFOOD,8.0,5.285714285714286
21,HOME CARE,325.0,309.14285714285717
21,LAWN AND GARDEN,4.0,3.142857142857143
21,LINGERIE,9.0,8.285714285714286
21,"LIQUOR,WINE,BEER",31.0,80.28571428571429
21,MAGAZINES,2.0,2.5714285714285716
21,MEATS,142.033,120.17971428571427
21,PERSONAL CARE,299.0,272.85714285714283
21,PET SUPPLIES,2.0,3.4285714285714284
21,PLAYERS AND ELECTRONICS,8.0,7.857142857142857
21,POULTRY,204.34,181.30014428571425
21,PREPARED FOODS,153.516,159.7164314285714
21,PRODUCE,2139.421,1354.7842857142857
21,LADIESWEAR,1.0,3.7142857142857144
14,HOME AND KITCHEN I,9.0,8.285714285714286
22,PLAYERS AND ELECTRONICS,4.0,6.142857142857143
22,PREPARED FOODS,26.0,28.714285714285715
23,PERSONAL CARE,147.0,144.71428571428572
23,PET SUPPLIES,2.0,4.142857142857143
23,PLAYERS AND ELECTRONICS,6.0,5.714285714285714
23,POULTRY,338.194,320.0532857142857
23,PREPARED FOODS,37.075,30.14057142857143
23,PRODUCE,1010.855,1138.0975714285714
23,SCHOOL AND OFFICE SUPPLIES,0.0,0.0
23,SEAFOOD,12.0,8.033714285714286
24,AUTOMOTIVE,3.0,2.5714285714285716
24,BABY CARE,0.0,0.0
24,BEAUTY,7.0,3.857142857142857
23,MEATS,378.519,647.9134285714284
24,BEVERAGES,2905.0,3123.8571428571427
24,BREAD/BAKERY,585.363,713.083857142857
24,CELEBRATION,14.0,13.0
24,CLEANING,1081.0,987.0
24,DAIRY,1186.0,1186.857142857143
24,DELI,221.926,251.34514285714286
24,EGGS,223.0,222.85714285714286
24,FROZEN FOODS,135.477,162.65928571428572
24,GROCERY I,3599.0,3612.8571428571427
24,GROCERY II,27.0,42.0
24,HARDWARE,1.0,0.7142857142857143
24,HOME AND KITCHEN I,19.0,19.142857142857142
24,BOOKS,0.0,0.0
22,POULTRY,187.997,183.01899857142857
23,MAGAZINES,3.0,5.285714285714286
23,LINGERIE,1.0,2.4285714285714284
22,PRODUCE,634.149,433.43814285714285
22,SCHOOL AND OFFICE SUPPLIES,0.0,7.571428571428571
22,SEAFOOD,6.0,2.2857142857142856
23,AUTOMOTIVE,3.0,2.2857142857142856
23,BABY CARE,0.0,0.0
23,BEAUTY,5.0,3.4285714285714284
23,BEVERAGES,1432.0,1336.857142857143
23,BOOKS,0.0,0.2857142857142857
23,BREAD/BAKERY,237.904,255.91414285714285
23,CELEBRATION,8.0,8.0
23,CLEANING,511.0,471.2857142857143
23,"LIQUOR,WINE,BEER",31.0,62.42857142857143
23,DAIRY,478.0,474.7142857142857
23,EGGS,51.0,45.42857142857143
23,FROZEN FOODS,44.0,64.14285714285721
23,GROCERY I,1998.0,1966.142857142857
23,GROCERY II,10.0,24.428571428571427
23,HARDWARE,2.0,0.7142857142857143
23,HOME AND KITCHEN I,6.0,12.0
23,HOME AND KITCHEN II,10.0,10.857142857142858
23,HOME APPLIANCES,2.0,0.5714285714285714
23,HOME CARE,119.0,117.57142857142857
23,LADIESWEAR,16.0,13.428571428571429
23,LAWN AND GARDEN,0.0,2.5714285714285716
23,DELI,84.349,123.17514285714287
27,POULTRY,281.057,382.93086
14,HARDWARE,0.0,0.0
14,GROCERY I,3251.0,2757.4285714285716
5,CLEANING,530.0,732.2857142857143
5,DAIRY,479.0,509.7142857142857
5,DELI,168.751,208.85585714285713
5,EGGS,72.0,82.28571428571429
5,FROZEN FOODS,80.6,97.71928571428573
5,GROCERY I,2382.0,2734.1428571428573
5,GROCERY II,32.0,27.142857142857142
5,HARDWARE,1.0,1.8571428571428572
5,HOME AND KITCHEN I,22.0,28.571428571428573
5,HOME AND KITCHEN II,10.0,20.428571428571427
5,HOME APPLIANCES,0.0,0.0
5,HOME CARE,162.0,168.71428571428572
5,LADIESWEAR,15.0,10.285714285714286
5,LAWN AND GARDEN,8.0,9.857142857142858
5,LINGERIE,13.0,11.142857142857142
5,"LIQUOR,WINE,BEER",20.0,73.42857142857143
5,MAGAZINES,6.0,10.0
5,MEATS,179.984,237.3135714285714
5,PERSONAL CARE,236.0,209.14285714285714
5,PET SUPPLIES,4.0,3.4285714285714284
5,PLAYERS AND ELECTRONICS,4.0,6.428571428571429
5,POULTRY,214.09799,225.25442714285717
5,PREPARED FOODS,51.036,58.01971428571428
5,CELEBRATION,14.0,25.571428571428573
5,BREAD/BAKERY,350.951,337.4862857142857
5,BOOKS,0.0,0.0
5,BEVERAGES,1367.0,1611.2857142857142
4,GROCERY I,2809.0,2832.4285714285716
4,GROCERY II,23.0,24.142857142857142
4,HARDWARE,0.0,1.0
4,HOME AND KITCHEN I,14.0,15.142857142857142
4,HOME AND KITCHEN II,5.0,8.857142857142858
4,HOME APPLIANCES,0.0,0.14285714285714285
4,HOME CARE,172.0,164.0
4,LADIESWEAR,8.0,18.142857142857142
4,LAWN AND GARDEN,21.0,25.285714285714285
4,LINGERIE,2.0,1.7142857142857142
4,"LIQUOR,WINE,BEER",33.0,95.42857142857143
5,PRODUCE,1416.825,1511.321842857143
4,MAGAZINES,9.0,9.571428571428571
4,PERSONAL CARE,209.0,207.14285714285714
4,PET SUPPLIES,4.0,6.857142857142857
4,PLAYERS AND ELECTRONICS,7.0,9.0
4,POULTRY,312.2,365.6924285714286
4,PREPARED FOODS,57.472,62.02542857142857
4,PRODUCE,1860.731,2147.6698571428574
4,SCHOOL AND OFFICE SUPPLIES,0.0,0.14285714285714285
4,SEAFOOD,29.231,25.133857142857146
5,AUTOMOTIVE,8.0,7.428571428571429
5,BABY CARE,1.0,0.2857142857142857
5,BEAUTY,8.0,5.714285714285714
4,MEATS,276.463,367.80000000000007
5,SCHOOL AND OFFICE SUPPLIES,1.0,1.0
5,SEAFOOD,10.88,9.484142814285715
6,AUTOMOTIVE,6.0,7.285714285714286
6,PREPARED FOODS,89.618,98.22099885714286
6,PRODUCE,2012.179,2498.6382857142858
6,SCHOOL AND OFFICE SUPPLIES,0.0,0.0
6,SEAFOOD,30.244,37.64271442857143
7,AUTOMOTIVE,3.0,4.571428571428571
7,BABY CARE,0.0,0.0
7,BEAUTY,8.0,7.428571428571429
7,BEVERAGES,3310.0,3419.5714285714284
7,BOOKS,1.0,0.14285714285714285
7,BREAD/BAKERY,617.179,583.9054285714286
7,CELEBRATION,17.0,16.714285714285715
6,POULTRY,472.249,508.6640042857143
7,CLEANING,1028.0,866.5714285714286
7,DELI,169.842,163.7162857142857
7,EGGS,250.0,253.28571428571428
7,FROZEN FOODS,163.96,179.51142857142855
7,GROCERY I,3632.0,3343.4285714285716
7,GROCERY II,29.0,38.285714285714285
7,HARDWARE,1.0,2.7142857142857144
7,HOME AND KITCHEN I,28.0,37.857142857142854
7,HOME AND KITCHEN II,28.0,49.42857142857143
7,HOME APPLIANCES,1.0,0.8571428571428571
7,HOME CARE,243.0,216.28571428571428
7,LADIESWEAR,15.0,14.428571428571429
7,DAIRY,1217.0,1162.4285714285713
4,FROZEN FOODS,63.0,83.34185714285715
6,PLAYERS AND ELECTRONICS,6.0,17.428571428571427
6,PERSONAL CARE,341.0,320.85714285714283
6,BABY CARE,0.0,0.0
6,BEAUTY,5.0,6.857142857142857
6,BEVERAGES,2707.0,2997.285714285714
6,BOOKS,0.0,0.0
6,BREAD/BAKERY,470.199,504.3958571428571
6,CELEBRATION,9.0,10.428571428571429
6,CLEANING,986.0,1014.8571428571429
6,DAIRY,758.0,913.2857142857143
6,DELI,268.547,321.36985714285714
6,EGGS,130.0,169.0
6,FROZEN FOODS,139.749,142.8027142857143
6,PET SUPPLIES,12.0,9.428571428571429
6,GROCERY I,4079.0,4286.857142857143
6,HARDWARE,2.0,0.8571428571428571
6,HOME AND KITCHEN I,20.0,22.571428571428573
6,HOME AND KITCHEN II,262.0,68.42857142857143
6,HOME APPLIANCES,0.0,0.0
6,HOME CARE,232.0,236.14285714285714
6,LADIESWEAR,24.0,20.285714285714285
6,LAWN AND GARDEN,11.0,19.714285714285715
6,LINGERIE,6.0,11.571428571428571
6,"LIQUOR,WINE,BEER",52.0,103.14285714285714
6,MAGAZINES,6.0,7.285714285714286
6,MEATS,401.966,438.4855657142857
6,GROCERY II,36.0,37.42857142857143
7,LAWN AND GARDEN,55.0,38.57142857142857
4,EGGS,132.0,132.42857142857142
4,DAIRY,577.0,670.4285714285714
1,POULTRY,277.277,242.56171428571432
1,PREPARED FOODS,84.333,56.9178572857143
1,PRODUCE,2137.037,2104.353
1,SCHOOL AND OFFICE SUPPLIES,0.0,0.0
1,SEAFOOD,74.51,28.628142857142855
2,AUTOMOTIVE,5.0,8.285714285714286
2,BABY CARE,0.0,0.0
2,BEAUTY,10.0,8.714285714285714
2,BEVERAGES,2433.0,2605.4285714285716
2,BOOKS,0.0,0.0
2,BREAD/BAKERY,586.0,594.5714285714286
2,CELEBRATION,7.0,11.285714285714286
2,CLEANING,716.0,685.8571428571429
2,DAIRY,674.0,735.8571428571429
2,DELI,183.266,194.69642857142858
2,EGGS,142.0,158.28571428571428
2,FROZEN FOODS,99.615,104.08785714285715
2,GROCERY I,3228.0,3317.5714285714284
2,GROCERY II,7.0,29.428571428571427
2,HARDWARE,1.0,1.5714285714285714
2,HOME AND KITCHEN I,15.0,22.571428571428573
2,HOME AND KITCHEN II,19.0,47.42857142857143
2,HOME APPLIANCES,0.0,0.0
1,PLAYERS AND ELECTRONICS,4.0,6.0
1,PET SUPPLIES,6.0,4.428571428571429
1,PERSONAL CARE,239.0,170.57142857142858
1,MEATS,226.22499,246.0755742857143
1,AUTOMOTIVE,4.0,4.142857142857143
1,BABY CARE,0.0,0.0
1,BEAUTY,2.0,3.857142857142857
1,BEVERAGES,2418.0,1825.0
1,BOOKS,0.0,0.0
1,BREAD/BAKERY,361.412,292.78914285714285
1,CELEBRATION,11.0,7.428571428571429
1,CLEANING,767.0,506.57142857142856
1,DAIRY,569.0,561.1428571428571
1,DELI,130.678,108.58185714285715
1,EGGS,130.0,115.28571428571429
2,HOME CARE,195.0,206.0
1,FROZEN FOODS,134.287,112.15714142857144
1,GROCERY II,23.0,17.142857142857142
1,HARDWARE,3.0,1.2857142857142858
1,HOME AND KITCHEN I,22.0,28.142857142857142
1,HOME AND KITCHEN II,27.0,22.571428571428573
1,HOME APPLIANCES,0.0,0.0
1,HOME CARE,208.0,135.85714285714286
1,LADIESWEAR,19.0,13.285714285714286
1,LAWN AND GARDEN,19.0,17.285714285714285
1,LINGERIE,16.0,8.142857142857142
1,"LIQUOR,WINE,BEER",87.0,88.57142857142857
1,MAGAZINES,9.0,5.714285714285714
1,GROCERY I,3062.0,2090.1428571428573
2,LADIESWEAR,16.0,18.142857142857142
2,LAWN AND GARDEN,3.0,15.571428571428571
2,LINGERIE,6.0,5.857142857142857
3,HOME APPLIANCES,0.0,0.0
3,HOME CARE,370.0,450.14285714285717
3,LADIESWEAR,27.0,40.142857142857146
3,LAWN AND GARDEN,37.0,50.0
3,LINGERIE,25.0,22.285714285714285
3,"LIQUOR,WINE,BEER",150.0,239.0
3,MAGAZINES,29.0,27.428571428571427
3,MEATS,601.404,723.9124328571428
3,PERSONAL CARE,461.0,522.5714285714286
3,PET SUPPLIES,17.0,19.285714285714285
3,PLAYERS AND ELECTRONICS,24.0,26.0
3,HOME AND KITCHEN II,55.0,49.142857142857146
3,POULTRY,947.352,1066.5791428571429
3,PRODUCE,6115.11,7343.239757142856
3,SCHOOL AND OFFICE SUPPLIES,0.0,0.7142857142857143
3,SEAFOOD,68.081,78.03271314285715
4,AUTOMOTIVE,4.0,4.0
4,BABY CARE,0.0,0.0
4,BEAUTY,10.0,5.857142857142857
4,BEVERAGES,1901.0,2172.0
4,BOOKS,0.0,0.0
4,BREAD/BAKERY,300.032,328.2202857142857
4,CELEBRATION,6.0,8.428571428571429
4,CLEANING,760.0,671.0
3,PREPARED FOODS,193.132,225.73771428571428
4,DELI,155.136,176.25771428571426
3,HOME AND KITCHEN I,33.0,70.57142857142857
3,GROCERY II,50.0,72.28571428571429
2,"LIQUOR,WINE,BEER",56.0,105.42857142857143
2,MAGAZINES,9.0,11.714285714285714
2,MEATS,390.749,531.2091428571429
2,PERSONAL CARE,217.0,234.57142857142858
2,PET SUPPLIES,11.0,10.857142857142858
2,PLAYERS AND ELECTRONICS,8.0,7.714285714285714
2,POULTRY,392.329,424.9804314285715
2,PREPARED FOODS,109.178,109.76399928571428
2,PRODUCE,1737.367,2143.6368714285713
2,SCHOOL AND OFFICE SUPPLIES,0.0,0.0
2,SEAFOOD,28.051,31.855428714285715
3,HARDWARE,4.0,2.857142857142857
3,AUTOMOTIVE,13.0,9.0
3,BEAUTY,13.0,17.142857142857142
3,BEVERAGES,6704.0,7317.428571428572
3,BOOKS,0.0,0.0
3,BREAD/BAKERY,1086.024,1124.6318571428571
3,CELEBRATION,14.0,36.714285714285715
3,CLEANING,1959.0,1705.5714285714287
3,DAIRY,1747.0,1936.4285714285713
3,DELI,317.637,350.25371428571424
3,EGGS,400.0,458.7142857142857
3,FROZEN FOODS,291.103,323.93014285714287
3,GROCERY I,6699.0,7108.428571428572
3,BABY CARE,0.0,0.0
7,LINGERIE,10.0,8.857142857142858
7,"LIQUOR,WINE,BEER",74.0,168.14285714285714
7,MAGAZINES,23.0,20.857142857142858
11,SEAFOOD,30.0,11.857142857142858
12,AUTOMOTIVE,6.0,7.285714285714286
12,BABY CARE,0.0,0.0
12,BEAUTY,2.0,1.8571428571428572
12,BEVERAGES,1694.0,1529.4285714285713
12,BOOKS,0.0,0.0
12,BREAD/BAKERY,173.0,181.71428571428572
12,CELEBRATION,6.0,16.857142857142858
12,CLEANING,625.0,694.4285714285714
12,DAIRY,407.0,369.57142857142856
12,DELI,188.0,201.57142857142858
12,EGGS,37.0,62.42857142857143
12,FROZEN FOODS,51.0,41.367571428571424
12,GROCERY I,2542.0,2524.5714285714284
12,GROCERY II,5.0,5.857142857142857
12,HARDWARE,1.0,0.2857142857142857
12,HOME AND KITCHEN I,14.0,13.428571428571429
12,HOME AND KITCHEN II,19.0,19.0
12,HOME APPLIANCES,0.0,0.0
12,HOME CARE,166.0,147.28571428571428
12,LADIESWEAR,4.0,7.142857142857143
12,LAWN AND GARDEN,0.0,0.0
12,LINGERIE,6.0,5.285714285714286
11,SCHOOL AND OFFICE SUPPLIES,26.0,28.428571428571427
11,PRODUCE,2253.195,1437.6124285714286
11,PREPARED FOODS,107.648,108.60142857142857
11,POULTRY,550.52,413.4197128571428
11,BOOKS,0.0,0.0
11,BREAD/BAKERY,603.0,617.7142857142857
11,CELEBRATION,14.0,18.285714285714285
11,CLEANING,1833.0,1660.4285714285713
11,DAIRY,647.0,593.5714285714286
11,DELI,521.632,475.95771428571425
11,EGGS,307.0,252.85714285714286
11,FROZEN FOODS,63.0,92.89314142857143
11,GROCERY I,7207.109,6748.707571428572
11,GROCERY II,19.0,24.142857142857142
11,HARDWARE,0.0,0.42857142857142855
12,"LIQUOR,WINE,BEER",25.0,39.857142857142854
11,HOME AND KITCHEN I,25.0,30.857142857142858
11,HOME APPLIANCES,0.0,0.0
11,HOME CARE,456.0,457.2857142857143
11,LADIESWEAR,3.0,4.714285714285714
11,LAWN AND GARDEN,1.0,2.142857142857143
11,LINGERIE,25.0,10.857142857142858
11,"LIQUOR,WINE,BEER",15.0,43.142857142857146
11,MAGAZINES,1.0,1.5714285714285714
11,MEATS,696.52,622.3237142857142
11,PERSONAL CARE,393.0,374.42857142857144
11,PET SUPPLIES,2.0,2.142857142857143
11,PLAYERS AND ELECTRONICS,9.0,14.428571428571429
11,HOME AND KITCHEN II,12.0,14.0
12,MAGAZINES,2.0,1.5714285714285714
12,MEATS,151.25,138.7622862857143
12,PERSONAL CARE,178.0,161.71428571428572
13,LINGERIE,3.0,1.7142857142857142
13,"LIQUOR,WINE,BEER",19.0,48.285714285714285
13,MAGAZINES,2.0,1.1428571428571428
13,MEATS,206.77701,143.47342928571427
13,PERSONAL CARE,162.0,181.85714285714286
13,PET SUPPLIES,1.0,0.7142857142857143
13,PLAYERS AND ELECTRONICS,9.0,5.142857142857143
13,POULTRY,129.496,101.36642857142859
13,PREPARED FOODS,22.0,19.428571428571427
13,PRODUCE,191.268,184.22342857142857
13,SCHOOL AND OFFICE SUPPLIES,5.0,9.428571428571429
13,LAWN AND GARDEN,0.0,0.0
13,SEAFOOD,1.0,0.8571428571428571
14,BABY CARE,0.0,0.0
14,BEAUTY,4.0,1.7142857142857142
14,BEVERAGES,1241.0,1486.5714285714287
14,BOOKS,0.0,0.0
14,BREAD/BAKERY,162.0,150.42857142857142
14,CELEBRATION,8.0,15.0
14,CLEANING,1081.0,882.5714285714286
14,DAIRY,340.0,352.57142857142856
14,DELI,231.0,248.14285714285714
14,EGGS,39.0,34.142857142857146
14,FROZEN FOODS,53.0,43.285714285714285
14,AUTOMOTIVE,1.0,3.142857142857143
11,BEVERAGES,4858.0,4614.142857142857
13,LADIESWEAR,3.0,1.5714285714285714
13,HOME APPLIANCES,0.0,0.0
12,PET SUPPLIES,0.0,1.1428571428571428
12,PLAYERS AND ELECTRONICS,3.0,8.0
12,POULTRY,163.418,151.0678557142857
12,PREPARED FOODS,31.0,28.571428571428573
12,PRODUCE,500.029,352.69542857142864
12,SCHOOL AND OFFICE SUPPLIES,4.0,9.571428571428571
12,SEAFOOD,9.0,3.2857142857142856
13,AUTOMOTIVE,6.0,4.714285714285714
13,BABY CARE,0.0,0.0
13,BEAUTY,5.0,3.2857142857142856
13,BEVERAGES,1599.0,1498.0
13,HOME CARE,142.0,132.85714285714286
13,BOOKS,0.0,0.0
13,CELEBRATION,3.0,7.714285714285714
13,CLEANING,657.0,629.1428571428571
13,DAIRY,244.0,245.0
13,DELI,145.0,152.57142857142858
13,EGGS,23.0,36.0
13,FROZEN FOODS,22.0,30.857142857142858
13,GROCERY I,2533.0,2477.0
13,GROCERY II,15.0,14.285714285714286
13,HARDWARE,0.0,0.14285714285714285
13,HOME AND KITCHEN I,25.0,15.857142857142858
13,HOME AND KITCHEN II,6.0,9.285714285714286
13,BREAD/BAKERY,122.0,105.71428571428571
11,BEAUTY,4.0,3.5714285714285716
11,BABY CARE,0.0,0.14285714285714285
11,AUTOMOTIVE,12.0,7.571428571428571
8,LADIESWEAR,18.0,26.0
8,LAWN AND GARDEN,33.0,36.857142857142854
8,LINGERIE,12.0,19.571428571428573
8,"LIQUOR,WINE,BEER",104.0,147.57142857142858
8,MAGAZINES,27.0,20.285714285714285
8,MEATS,354.19,411.60714285714283
8,PERSONAL CARE,235.0,332.85714285714283
8,PET SUPPLIES,15.0,19.142857142857142
8,PLAYERS AND ELECTRONICS,14.0,19.571428571428573
8,POULTRY,444.143,563.8611400000001
8,PREPARED FOODS,111.084,142.68971428571427
8,HOME CARE,302.0,299.42857142857144
8,PRODUCE,3586.457,4312.157428571429
8,SEAFOOD,28.035,33.66757142857143
9,AUTOMOTIVE,10.0,12.428571428571429
9,BABY CARE,0.0,0.42857142857142855
9,BEAUTY,15.0,11.0
9,BEVERAGES,3212.0,3067.8571428571427
9,BOOKS,0.0,0.0
9,BREAD/BAKERY,461.0,424.14285714285717
9,CELEBRATION,18.0,15.0
9,CLEANING,1323.0,1378.2857142857142
9,DAIRY,725.0,716.1428571428571
9,DELI,469.23,493.34528571428575
8,SCHOOL AND OFFICE SUPPLIES,2.0,0.8571428571428571
9,EGGS,211.0,166.28571428571428
8,HOME APPLIANCES,0.0,0.0
8,HOME AND KITCHEN I,34.0,43.142857142857146
7,MEATS,487.427,435.72014285714283
7,PERSONAL CARE,236.0,214.42857142857142
7,PET SUPPLIES,5.0,6.285714285714286
7,PLAYERS AND ELECTRONICS,7.0,13.714285714285714
7,POULTRY,676.474,597.1011457142857
7,PREPARED FOODS,86.256,116.60557142857144
7,PRODUCE,4352.082,4592.318428571429
7,SCHOOL AND OFFICE SUPPLIES,0.0,0.14285714285714285
7,SEAFOOD,54.424,42.94171457142857
8,AUTOMOTIVE,5.0,3.5714285714285716
8,BABY CARE,1.0,1.0
8,HOME AND KITCHEN II,36.0,49.57142857142857
8,BEAUTY,4.0,10.714285714285714
8,BOOKS,0.0,0.0
8,BREAD/BAKERY,759.902,756.175
8,CELEBRATION,15.0,19.285714285714285
8,CLEANING,931.0,1018.8571428571429
8,DAIRY,1081.0,1288.857142857143
8,DELI,243.556,257.67314428571433
8,EGGS,242.0,298.7142857142857
8,FROZEN FOODS,126.0,148.15785714285715
8,GROCERY I,3819.0,4387.428571428572
8,GROCERY II,48.0,42.857142857142854
8,HARDWARE,2.0,3.2857142857142856
8,BEVERAGES,3456.0,4117.857142857143
14,GROCERY II,0.0,3.4285714285714284
9,FROZEN FOODS,84.179,100.95114285714284
9,GROCERY II,10.0,10.428571428571429
10,DELI,294.0,259.57142857142856
10,EGGS,69.0,53.57142857142857
10,FROZEN FOODS,29.0,32.142857142857146
10,GROCERY I,3043.0,2609.4285714285716
10,GROCERY II,4.0,4.571428571428571
10,HARDWARE,0.0,0.14285714285714285
10,HOME AND KITCHEN I,4.0,9.571428571428571
10,HOME AND KITCHEN II,5.0,8.428571428571429
10,HOME APPLIANCES,0.0,0.14285714285714285
10,HOME CARE,176.0,146.85714285714286
10,LADIESWEAR,3.0,3.7142857142857144
10,DAIRY,305.0,286.7142857142857
10,LAWN AND GARDEN,0.0,0.0
10,"LIQUOR,WINE,BEER",8.0,16.857142857142858
10,MAGAZINES,0.0,0.2857142857142857
10,MEATS,187.48601,183.0271442857143
10,PERSONAL CARE,161.0,156.85714285714286
10,PET SUPPLIES,1.0,0.7142857142857143
10,PLAYERS AND ELECTRONICS,3.0,3.0
10,POULTRY,151.565,149.04599871428573
10,PREPARED FOODS,27.0,26.714285714285715
10,PRODUCE,416.024,245.8297142857143
10,SCHOOL AND OFFICE SUPPLIES,4.0,3.0
10,SEAFOOD,1.0,0.7142857142857143
10,LINGERIE,1.0,1.7142857142857142
9,GROCERY I,5939.219,5967.393857142857
10,CLEANING,744.0,657.1428571428571
10,BREAD/BAKERY,148.0,96.42857142857143
9,HARDWARE,1.0,1.4285714285714286
9,HOME AND KITCHEN I,45.0,52.285714285714285
9,HOME AND KITCHEN II,26.0,40.42857142857143
9,HOME APPLIANCES,0.0,0.0
9,HOME CARE,406.0,373.14285714285717
9,LADIESWEAR,8.0,6.714285714285714
9,LAWN AND GARDEN,1.0,4.428571428571429
9,LINGERIE,8.0,10.285714285714286
9,"LIQUOR,WINE,BEER",40.0,66.85714285714286
9,MAGAZINES,3.0,4.714285714285714
9,MEATS,274.229,330.76371714285716
10,CELEBRATION,6.0,4.714285714285714
9,PERSONAL CARE,454.0,416.0
9,PLAYERS AND ELECTRONICS,3.0,6.571428571428571
9,POULTRY,358.132,369.6547114285714
9,PREPARED FOODS,112.954,115.66314142857142
9,PRODUCE,2299.715,1508.7108571428573
9,SCHOOL AND OFFICE SUPPLIES,170.0,151.57142857142858
9,SEAFOOD,15.6779995,17.902857214285714
10,AUTOMOTIVE,0.0,1.1428571428571428
10,BABY CARE,0.0,0.0
10,BEAUTY,1.0,2.4285714285714284
10,BEVERAGES,1591.0,1414.4285714285713
10,BOOKS,0.0,0.0
9,PET SUPPLIES,4.0,6.0
27,PREPARED FOODS,46.916,75.175856
27,PRODUCE,1958.907,2764.7724285714285
27,SCHOOL AND OFFICE SUPPLIES,3.0,2.0
45,MEATS,799.75903,1170.3823042857143
45,PERSONAL CARE,571.0,702.7142857142857
45,PET SUPPLIES,21.0,29.0
45,PLAYERS AND ELECTRONICS,25.0,29.714285714285715
45,POULTRY,1169.626,1281.5574285714285
45,PREPARED FOODS,194.481,253.29614285714288
45,PRODUCE,4887.771,6399.342
45,SCHOOL AND OFFICE SUPPLIES,542.0,536.4285714285714
45,SEAFOOD,64.865,85.219572
46,AUTOMOTIVE,8.0,12.142857142857142
46,BABY CARE,0.0,0.0
46,BEAUTY,17.0,26.857142857142858
46,BEVERAGES,4005.0,5300.142857142857
46,BOOKS,0.0,0.0
46,BREAD/BAKERY,778.0,873.5714285714286
46,CELEBRATION,14.0,15.714285714285714
46,CLEANING,1612.0,1931.2857142857142
46,DAIRY,1124.0,1378.0
46,DELI,596.264,760.6515714285714
46,EGGS,124.0,143.85714285714286
46,FROZEN FOODS,165.0,249.7534285714286
46,GROCERY I,6828.0,8207.714285714286
46,GROCERY II,47.0,43.42857142857143
45,MAGAZINES,17.0,24.285714285714285
45,"LIQUOR,WINE,BEER",130.0,259.14285714285717
45,LINGERIE,10.0,4.285714285714286
45,LAWN AND GARDEN,15.0,32.57142857142857
44,PREPARED FOODS,254.187,280.39128571428574
44,PRODUCE,6944.087,8986.19657142857
44,SCHOOL AND OFFICE SUPPLIES,294.0,369.57142857142856
44,SEAFOOD,91.683,88.66542914285715
45,AUTOMOTIVE,12.0,17.428571428571427
45,BABY CARE,0.0,0.0
45,BEAUTY,12.0,13.857142857142858
45,BEVERAGES,6662.0,8020.285714285715
45,BOOKS,0.0,0.0
45,BREAD/BAKERY,1072.639,1189.4060000000002
45,CELEBRATION,14.0,26.714285714285715
46,HARDWARE,3.0,4.714285714285714
45,CLEANING,2003.0,2235.714285714286
45,DELI,558.416,680.2908571428571
45,EGGS,299.0,371.2857142857143
45,FROZEN FOODS,207.886,334.4282857142857
45,GROCERY I,8693.0,9925.0
45,GROCERY II,74.0,97.71428571428571
45,HARDWARE,3.0,2.4285714285714284
45,HOME AND KITCHEN I,58.0,83.85714285714286
45,HOME AND KITCHEN II,109.0,87.85714285714286
45,HOME APPLIANCES,0.0,0.7142857142857143
45,HOME CARE,461.0,579.4285714285714
45,LADIESWEAR,13.0,16.285714285714285
45,DAIRY,1786.0,2090.4285714285716
46,HOME AND KITCHEN I,47.0,64.42857142857143
46,HOME AND KITCHEN II,28.0,28.285714285714285
46,HOME APPLIANCES,1.0,0.8571428571428571
47,GROCERY II,55.0,46.285714285714285
47,HARDWARE,0.0,1.5714285714285714
47,HOME AND KITCHEN I,64.0,86.28571428571429
47,HOME AND KITCHEN II,58.0,62.714285714285715
47,HOME APPLIANCES,5.0,1.5714285714285714
47,HOME CARE,455.0,526.1428571428571
47,LADIESWEAR,20.0,20.714285714285715
47,LAWN AND GARDEN,17.0,34.0
47,LINGERIE,2.0,6.285714285714286
47,"LIQUOR,WINE,BEER",149.0,243.14285714285714
47,MAGAZINES,14.0,18.428571428571427
47,GROCERY I,7973.0,9027.57142857143
47,MEATS,777.726,896.9135714285715
47,PET SUPPLIES,20.0,23.857142857142858
47,PLAYERS AND ELECTRONICS,23.0,29.714285714285715
47,POULTRY,914.094,1038.595142857143
47,PREPARED FOODS,187.399,220.26986000000002
47,PRODUCE,4307.821,5439.107285714285
47,SCHOOL AND OFFICE SUPPLIES,428.0,412.14285714285717
47,SEAFOOD,65.205,69.97057142857143
48,AUTOMOTIVE,17.0,14.285714285714286
48,BABY CARE,0.0,0.0
48,BEAUTY,27.0,26.428571428571427
48,BEVERAGES,3604.0,4223.142857142857
47,PERSONAL CARE,570.0,662.7142857142857
44,POULTRY,790.96,1125.6651428571429
47,FROZEN FOODS,214.121,240.76757142857144
47,DELI,500.121,603.2704285714286
46,HOME CARE,489.0,553.2857142857143
46,LADIESWEAR,27.0,28.285714285714285
46,LAWN AND GARDEN,14.0,28.285714285714285
46,LINGERIE,3.0,9.428571428571429
46,"LIQUOR,WINE,BEER",86.0,140.14285714285714
46,MAGAZINES,10.0,14.714285714285714
46,MEATS,828.047,1027.4044285714285
46,PERSONAL CARE,609.0,703.2857142857143
46,PET SUPPLIES,24.0,24.285714285714285
46,PLAYERS AND ELECTRONICS,36.0,42.57142857142857
46,POULTRY,553.895,751.5338571428572
47,EGGS,283.0,334.14285714285717
46,PREPARED FOODS,110.316,138.30985857142858
46,SCHOOL AND OFFICE SUPPLIES,205.0,311.85714285714283
46,SEAFOOD,34.652,44.74971471428572
47,AUTOMOTIVE,17.0,18.285714285714285
47,BABY CARE,0.0,0.0
47,BEAUTY,19.0,26.0
47,BEVERAGES,6583.0,7602.142857142857
47,BOOKS,0.0,0.0
47,BREAD/BAKERY,1089.915,1144.2512857142858
47,CELEBRATION,15.0,19.428571428571427
47,CLEANING,1922.0,1991.0
47,DAIRY,1622.0,1894.142857142857
46,PRODUCE,2116.52,2774.001285714286
48,BOOKS,0.0,0.0
44,PLAYERS AND ELECTRONICS,21.0,36.285714285714285
44,PERSONAL CARE,457.0,534.1428571428571
42,GROCERY I,2533.0,2629.285714285714
42,GROCERY II,25.0,29.714285714285715
42,HARDWARE,1.0,1.2857142857142858
42,HOME AND KITCHEN I,31.0,35.714285714285715
42,HOME AND KITCHEN II,13.0,16.857142857142858
42,HOME APPLIANCES,0.0,0.0
42,HOME CARE,153.0,169.42857142857142
42,LADIESWEAR,12.0,12.714285714285714
42,LAWN AND GARDEN,33.0,36.857142857142854
42,LINGERIE,2.0,3.857142857142857
42,"LIQUOR,WINE,BEER",27.0,70.14285714285714
42,MAGAZINES,7.0,11.0
42,MEATS,205.342,223.47800142857145
42,PERSONAL CARE,218.0,200.71428571428572
42,PET SUPPLIES,11.0,8.857142857142858
42,PLAYERS AND ELECTRONICS,5.0,8.428571428571429
42,POULTRY,174.322,206.19685714285714
42,PREPARED FOODS,55.673,45.22757142857143
42,PRODUCE,1925.682,2244.4855714285713
42,SCHOOL AND OFFICE SUPPLIES,0.0,0.42857142857142855
42,SEAFOOD,8.03,11.617857142857142
43,AUTOMOTIVE,8.0,9.571428571428571
43,BABY CARE,0.0,0.0
42,FROZEN FOODS,118.084,107.01200000000001
42,EGGS,101.0,120.42857142857143
42,DELI,126.663,140.64485714285715
42,DAIRY,698.0,723.7142857142857
41,HOME APPLIANCES,0.0,0.0
41,HOME CARE,197.0,225.85714285714286
41,LADIESWEAR,15.0,19.428571428571427
41,LAWN AND GARDEN,7.0,16.285714285714285
41,LINGERIE,4.0,9.285714285714286
41,"LIQUOR,WINE,BEER",45.0,80.42857142857143
41,MAGAZINES,15.0,12.428571428571429
41,MEATS,115.268,246.45414285714284
41,PERSONAL CARE,251.0,297.85714285714283
41,PET SUPPLIES,8.0,14.571428571428571
41,PLAYERS AND ELECTRONICS,8.0,10.714285714285714
43,BEAUTY,4.0,5.428571428571429
41,POULTRY,173.198,200.106
41,PRODUCE,1788.769,2057.879857142857
41,SCHOOL AND OFFICE SUPPLIES,0.0,0.7142857142857143
41,SEAFOOD,3.0,6.714285714285715
42,AUTOMOTIVE,2.0,3.2857142857142856
42,BABY CARE,0.0,0.0
42,BEAUTY,6.0,6.142857142857143
42,BEVERAGES,1891.0,1949.142857142857
42,BOOKS,0.0,0.0
42,BREAD/BAKERY,400.855,403.58342857142856
42,CELEBRATION,4.0,7.142857142857143
42,CLEANING,681.0,602.7142857142857
41,PREPARED FOODS,41.786,68.62914342857142
43,BEVERAGES,4658.0,5058.0
43,BOOKS,0.0,0.0
43,BREAD/BAKERY,681.0,579.7142857142857
44,BABY CARE,0.0,0.0
44,BEAUTY,14.0,15.571428571428571
44,BEVERAGES,6967.0,8456.42857142857
44,BOOKS,0.0,0.0
44,BREAD/BAKERY,1391.784,1522.3518571428574
44,CELEBRATION,14.0,22.285714285714285
44,CLEANING,1895.0,2008.857142857143
44,DAIRY,1756.0,2300.5714285714284
44,DELI,405.926,487.5265685714285
44,EGGS,446.0,578.5714285714286
44,FROZEN FOODS,298.216,372.0574285714285
44,AUTOMOTIVE,15.0,16.0
44,GROCERY I,8201.0,8694.142857142857
44,HARDWARE,0.0,4.857142857142857
44,HOME AND KITCHEN I,86.0,121.0
44,HOME AND KITCHEN II,78.0,120.0
44,HOME APPLIANCES,0.0,0.0
44,HOME CARE,475.0,576.0
44,LADIESWEAR,27.0,24.571428571428573
44,LAWN AND GARDEN,16.0,28.0
44,LINGERIE,51.0,63.857142857142854
44,"LIQUOR,WINE,BEER",225.0,332.0
44,MAGAZINES,16.0,27.714285714285715
44,MEATS,696.067,868.8075714285715
44,GROCERY II,79.0,77.0
44,PET SUPPLIES,32.0,41.142857142857146
43,SEAFOOD,0.0,0.7142857142857143
43,PRODUCE,2629.656,1527.848142857143
43,CELEBRATION,14.0,19.142857142857142
43,CLEANING,1258.0,1205.7142857142858
43,DAIRY,794.0,756.5714285714286
43,DELI,327.136,306.14685714285713
43,EGGS,266.0,259.7142857142857
43,FROZEN FOODS,49.0,83.52771428571428
43,GROCERY I,4848.547,4773.846
43,GROCERY II,8.0,16.714285714285715
43,HARDWARE,0.0,0.14285714285714285
43,HOME AND KITCHEN I,25.0,17.857142857142858
43,HOME AND KITCHEN II,30.0,26.142857142857142
43,SCHOOL AND OFFICE SUPPLIES,2.0,3.2857142857142856
43,HOME APPLIANCES,0.0,0.14285714285714285
43,LADIESWEAR,0.0,0.0
43,LAWN AND GARDEN,8.0,10.285714285714286
43,LINGERIE,3.0,2.7142857142857144
43,"LIQUOR,WINE,BEER",26.0,85.0
43,MAGAZINES,0.0,5.857142857142857
43,MEATS,217.787,217.9141442857143
43,PERSONAL CARE,278.0,274.2857142857143
43,PET SUPPLIES,0.0,3.5714285714285716
43,PLAYERS AND ELECTRONICS,2.0,0.8571428571428571
43,POULTRY,276.962,257.05442857142884
43,PREPARED FOODS,149.609,133.41528571428572
43,HOME CARE,270.0,252.85714285714286
48,BREAD/BAKERY,666.0,818.7142857142857
48,CELEBRATION,13.0,20.142857142857142
48,CLEANING,1664.0,1753.0
52,HOME AND KITCHEN II,113.0,54.42857142857143
52,HOME APPLIANCES,0.0,0.0
52,HOME CARE,275.0,336.2857142857143
52,LADIESWEAR,3.0,9.142857142857142
52,LAWN AND GARDEN,51.0,55.714285714285715
52,LINGERIE,6.0,13.857142857142858
52,"LIQUOR,WINE,BEER",188.0,323.0
52,MAGAZINES,10.0,13.0
52,MEATS,339.399,493.09742857142857
52,PERSONAL CARE,288.0,351.57142857142856
52,PET SUPPLIES,12.0,17.428571428571427
52,PLAYERS AND ELECTRONICS,26.0,30.714285714285715
52,POULTRY,354.673,487.11614285714285
52,PREPARED FOODS,102.936,141.1007142857143
52,PRODUCE,3329.195,4915.668285714286
52,SCHOOL AND OFFICE SUPPLIES,8.0,5.571428571428571
52,SEAFOOD,3.0,9.513571471428572
53,AUTOMOTIVE,7.0,7.714285714285714
53,BABY CARE,0.0,0.0
53,BEAUTY,3.0,3.0
53,BEVERAGES,1533.0,1983.0
53,BOOKS,0.0,0.0
53,BREAD/BAKERY,417.105,470.3167142857143
52,HOME AND KITCHEN I,75.0,64.57142857142857
52,HARDWARE,3.0,4.285714285714286
52,GROCERY II,32.0,40.42857142857143
52,GROCERY I,4656.0,6172.714285714285
51,LINGERIE,4.0,5.142857142857143
51,"LIQUOR,WINE,BEER",72.0,189.42857142857142
51,MAGAZINES,9.0,14.142857142857142
51,MEATS,470.878,636.0678614285714
51,PERSONAL CARE,244.0,282.14285714285717
51,PET SUPPLIES,15.0,22.428571428571427
51,PLAYERS AND ELECTRONICS,6.0,9.428571428571429
51,POULTRY,571.272,693.1830000000003
51,PREPARED FOODS,105.945,135.61242857142858
51,PRODUCE,4277.165,5281.310142857144
51,SCHOOL AND OFFICE SUPPLIES,5.0,1.7142857142857142
53,CELEBRATION,5.0,7.285714285714286
51,SEAFOOD,35.956,44.16671428571429
52,BABY CARE,0.0,0.0
52,BEAUTY,14.0,9.714285714285714
52,BEVERAGES,3308.0,4292.285714285715
52,BOOKS,0.0,0.0
52,BREAD/BAKERY,636.303,898.6588571428572
52,CELEBRATION,10.0,15.285714285714286
52,CLEANING,1165.0,1468.4285714285713
52,DAIRY,994.0,1200.142857142857
52,DELI,302.439,356.45500000000004
52,EGGS,170.0,232.28571428571428
52,FROZEN FOODS,356.0,413.85085714285714
52,AUTOMOTIVE,8.0,11.714285714285714
53,CLEANING,789.0,840.8571428571429
53,DAIRY,403.0,495.57142857142856
53,DELI,191.162,219.60800142857144
54,BREAD/BAKERY,219.0,218.71428571428572
54,CELEBRATION,1.0,4.571428571428571
54,CLEANING,971.0,960.7142857142857
54,DAIRY,235.0,268.2857142857143
54,DELI,182.0,206.44357142857143
54,EGGS,28.0,64.57142857142857
54,FROZEN FOODS,28.0,30.615714285714287
54,GROCERY I,3454.0,3523.1428571428573
54,GROCERY II,14.0,19.142857142857142
54,HARDWARE,0.0,1.4285714285714286
54,HOME AND KITCHEN I,16.0,21.714285714285715
54,BOOKS,0.0,0.0
54,HOME AND KITCHEN II,14.0,9.428571428571429
54,HOME CARE,181.0,200.14285714285714
54,LADIESWEAR,0.0,0.0
54,LAWN AND GARDEN,0.0,0.0
54,LINGERIE,4.0,5.571428571428571
54,"LIQUOR,WINE,BEER",10.0,21.571428571428573
54,MAGAZINES,0.0,1.1428571428571428
54,MEATS,36.997,53.11014314285715
54,PERSONAL CARE,158.0,174.0
54,PET SUPPLIES,0.0,0.0
54,PLAYERS AND ELECTRONICS,3.0,1.8571428571428572
54,POULTRY,73.289,68.80257085714285
54,HOME APPLIANCES,0.0,0.14285714285714285
51,LAWN AND GARDEN,40.0,50.285714285714285
54,BEVERAGES,5644.0,3932.1428571428573
54,BABY CARE,0.0,0.0
53,EGGS,83.0,94.14285714285714
53,FROZEN FOODS,95.0,136.84728571428573
53,GROCERY I,2394.0,2923.285714285714
53,GROCERY II,7.0,13.571428571428571
53,HARDWARE,3.0,1.8571428571428572
53,HOME AND KITCHEN I,12.0,37.857142857142854
53,HOME AND KITCHEN II,12.0,18.428571428571427
53,HOME APPLIANCES,0.0,0.0
53,HOME CARE,135.0,173.14285714285714
53,LADIESWEAR,6.0,9.857142857142858
53,LAWN AND GARDEN,13.0,14.0
54,BEAUTY,1.0,0.14285714285714285
53,LINGERIE,4.0,6.857142857142857
53,MAGAZINES,3.0,6.0
53,MEATS,214.376,301.6701428571428
53,PERSONAL CARE,178.0,211.71428571428572
53,PET SUPPLIES,2.0,4.428571428571429
53,PLAYERS AND ELECTRONICS,9.0,7.142857142857143
53,POULTRY,174.604,196.84357142857144
53,PREPARED FOODS,56.321,73.85228571428571
53,PRODUCE,1559.848,2049.2051285714288
53,SCHOOL AND OFFICE SUPPLIES,0.0,0.42857142857142855
53,SEAFOOD,2.0,5.857142857142857
54,AUTOMOTIVE,5.0,8.285714285714286
53,"LIQUOR,WINE,BEER",34.0,120.14285714285714
51,LADIESWEAR,3.0,2.7142857142857144
51,HOME CARE,239.0,272.0
51,HOME APPLIANCES,1.0,0.14285714285714285
49,BEVERAGES,5470.0,6179.714285714285
49,BOOKS,0.0,0.0
49,BREAD/BAKERY,1174.233,1177.7167142857143
49,CELEBRATION,55.0,28.857142857142858
49,CLEANING,1592.0,1666.0
49,DAIRY,1734.0,2027.0
49,DELI,347.227,397.1892857142857
49,EGGS,413.0,449.42857142857144
49,FROZEN FOODS,255.0,315.66542857142855
49,GROCERY I,6386.0,6984.714285714285
49,GROCERY II,61.0,71.71428571428571
49,BEAUTY,12.0,12.142857142857142
49,HARDWARE,0.0,1.4285714285714286
49,HOME AND KITCHEN II,50.0,50.42857142857143
49,HOME APPLIANCES,1.0,0.7142857142857143
49,HOME CARE,420.0,413.57142857142856
49,LADIESWEAR,14.0,12.285714285714286
49,LAWN AND GARDEN,8.0,36.142857142857146
49,LINGERIE,16.0,10.142857142857142
49,"LIQUOR,WINE,BEER",147.0,278.2857142857143
49,MAGAZINES,27.0,21.0
49,MEATS,574.52,801.6321428571428
49,PERSONAL CARE,427.0,479.42857142857144
49,PET SUPPLIES,18.0,20.857142857142858
49,HOME AND KITCHEN I,34.0,56.714285714285715
49,PLAYERS AND ELECTRONICS,18.0,30.714285714285715
49,BABY CARE,0.0,0.0
48,SEAFOOD,22.45,25.725857142857144
48,DAIRY,1015.0,1150.4285714285713
48,DELI,475.508,606.706
48,EGGS,89.0,105.71428571428571
48,FROZEN FOODS,150.147,212.33757142857144
48,GROCERY I,6443.0,7226.857142857143
48,GROCERY II,56.0,48.285714285714285
48,HARDWARE,0.0,0.14285714285714285
48,HOME AND KITCHEN I,16.0,32.57142857142857
48,HOME AND KITCHEN II,39.0,32.0
48,HOME APPLIANCES,0.0,0.0
48,HOME CARE,429.0,480.14285714285717
49,AUTOMOTIVE,9.0,10.857142857142858
48,LADIESWEAR,11.0,20.285714285714285
48,LINGERIE,2.0,4.571428571428571
48,"LIQUOR,WINE,BEER",85.0,144.57142857142858
48,MAGAZINES,6.0,7.428571428571429
48,MEATS,818.239,883.9611428571428
48,PERSONAL CARE,600.0,690.4285714285714
48,PET SUPPLIES,23.0,23.142857142857142
48,PLAYERS AND ELECTRONICS,25.0,27.0
48,POULTRY,688.733,813.4277142857143
48,PREPARED FOODS,77.525,99.7992857142857
48,PRODUCE,1455.132,1972.695
48,SCHOOL AND OFFICE SUPPLIES,504.0,468.14285714285717
48,LAWN AND GARDEN,5.0,13.857142857142858
41,HOME AND KITCHEN II,102.0,40.42857142857143
49,POULTRY,784.15497,926.1567157142856
49,PRODUCE,5824.326,7092.377285714285
50,PET SUPPLIES,12.0,13.428571428571429
50,PLAYERS AND ELECTRONICS,15.0,24.0
50,POULTRY,255.893,398.1321428571428
50,PREPARED FOODS,78.382,94.90357328571429
50,PRODUCE,1752.072,2122.6854285714285
50,SCHOOL AND OFFICE SUPPLIES,489.0,377.42857142857144
50,SEAFOOD,13.701,18.161000142857144
51,AUTOMOTIVE,3.0,6.428571428571429
51,BABY CARE,0.0,0.0
51,BEAUTY,6.0,5.714285714285714
51,BEVERAGES,3269.0,4252.285714285715
50,PERSONAL CARE,513.0,529.2857142857143
51,BOOKS,0.0,0.0
51,CELEBRATION,13.0,11.571428571428571
51,CLEANING,1130.0,1251.2857142857142
51,DAIRY,1193.0,1511.4285714285713
51,DELI,182.012,244.4714285714286
51,EGGS,294.0,330.14285714285717
51,FROZEN FOODS,223.986,267.46671428571426
51,GROCERY I,3922.0,4629.428571428572
51,GROCERY II,35.0,47.285714285714285
51,HARDWARE,3.0,2.4285714285714284
51,HOME AND KITCHEN I,20.0,40.714285714285715
51,HOME AND KITCHEN II,118.0,56.142857142857146
51,BREAD/BAKERY,685.902,826.9572857142857
49,PREPARED FOODS,155.075,207.47514285714286
50,MEATS,611.176,580.9217142857143
50,"LIQUOR,WINE,BEER",100.0,147.14285714285714
49,SCHOOL AND OFFICE SUPPLIES,375.0,260.57142857142856
49,SEAFOOD,78.187,77.70928571428571
50,AUTOMOTIVE,25.0,14.0
50,BABY CARE,0.0,0.0
50,BEAUTY,12.0,15.857142857142858
50,BEVERAGES,3564.0,4002.4285714285716
50,BOOKS,0.0,0.0
50,BREAD/BAKERY,483.132,548.0167142857143
50,CELEBRATION,31.0,37.0
50,CLEANING,1245.0,1453.857142857143
50,DAIRY,957.0,1046.5714285714287
50,MAGAZINES,8.0,12.285714285714286
50,DELI,356.56,433.64314285714283
50,FROZEN FOODS,91.183,156.80557142857145
50,GROCERY I,5666.0,6183.857142857143
50,GROCERY II,77.0,63.57142857142857
50,HARDWARE,1.0,2.0
50,HOME AND KITCHEN I,46.0,70.57142857142857
50,HOME AND KITCHEN II,13.0,34.0
50,HOME APPLIANCES,0.0,0.0
50,HOME CARE,271.0,338.0
50,LADIESWEAR,15.0,12.714285714285714
50,LAWN AND GARDEN,7.0,11.0
50,LINGERIE,10.0,6.142857142857143
50,EGGS,91.0,107.28571428571429
41,HOME AND KITCHEN I,24.0,32.857142857142854
41,HARDWARE,1.0,1.7142857142857142
41,GROCERY II,17.0,33.0
32,DAIRY,135.0,151.14285714285714
32,DELI,51.0,83.71428571428571
32,EGGS,106.0,228.71428571428572
32,FROZEN FOODS,26.504,21.71642857142857
32,GROCERY I,2127.0,1705.142857142857
32,GROCERY II,1.0,1.8571428571428572
32,HARDWARE,2.0,0.5714285714285714
32,HOME AND KITCHEN I,4.0,7.428571428571429
32,HOME AND KITCHEN II,1.0,5.285714285714286
32,HOME APPLIANCES,1.0,0.2857142857142857
32,HOME CARE,78.0,79.0
32,LADIESWEAR,0.0,0.0
32,LAWN AND GARDEN,0.0,0.0
32,LINGERIE,0.0,0.8571428571428571
32,"LIQUOR,WINE,BEER",30.0,39.285714285714285
32,MAGAZINES,0.0,0.42857142857142855
32,MEATS,71.8,69.30528571428572
32,PERSONAL CARE,52.0,64.42857142857143
32,PET SUPPLIES,2.0,0.8571428571428571
32,PLAYERS AND ELECTRONICS,3.0,1.5714285714285714
32,POULTRY,51.002,57.81471485714286
32,PREPARED FOODS,5.0,11.428571428571429
32,PRODUCE,339.949,217.86457142857145
32,CLEANING,333.0,478.85714285714283
32,CELEBRATION,6.0,5.428571428571429
32,BREAD/BAKERY,89.0,120.71428571428571
32,BOOKS,0.0,0.0
31,GROCERY II,13.0,13.428571428571429
31,HARDWARE,0.0,0.2857142857142857
31,HOME AND KITCHEN I,10.0,21.142857142857142
31,HOME AND KITCHEN II,14.0,18.285714285714285
31,HOME APPLIANCES,0.0,0.0
31,HOME CARE,239.0,253.85714285714286
31,LADIESWEAR,1.0,1.1428571428571428
31,LAWN AND GARDEN,10.0,8.857142857142858
31,LINGERIE,8.0,7.0
31,"LIQUOR,WINE,BEER",23.0,23.428571428571427
31,MAGAZINES,1.0,1.8571428571428572
32,SCHOOL AND OFFICE SUPPLIES,0.0,0.0
31,MEATS,299.171,374.4048571428571
31,PET SUPPLIES,3.0,4.857142857142857
31,PLAYERS AND ELECTRONICS,9.0,5.714285714285714
31,POULTRY,166.162,133.29085571428573
31,PREPARED FOODS,67.868,70.00028571428571
31,PRODUCE,2644.4321,1319.0864428571429
31,SCHOOL AND OFFICE SUPPLIES,0.0,1.0
31,SEAFOOD,1.0,5.428571428571429
32,AUTOMOTIVE,0.0,2.2857142857142856
32,BABY CARE,0.0,0.0
32,BEAUTY,1.0,1.0
32,BEVERAGES,1791.0,1193.0
31,PERSONAL CARE,207.0,215.71428571428572
32,SEAFOOD,1.0,1.7142857142857142
33,AUTOMOTIVE,8.0,6.0
33,BABY CARE,0.0,0.0
33,PRODUCE,2168.636,1265.618285714286
33,SCHOOL AND OFFICE SUPPLIES,0.0,0.0
33,SEAFOOD,1.0,0.7142857142857143
34,AUTOMOTIVE,2.0,2.5714285714285716
34,BABY CARE,0.0,0.42857142857142855
34,BEAUTY,2.0,2.142857142857143
34,BEVERAGES,2144.0,2520.4285714285716
34,BOOKS,0.0,0.0
34,BREAD/BAKERY,611.0,699.0
34,CELEBRATION,7.0,11.428571428571429
34,CLEANING,686.0,819.0
33,PREPARED FOODS,42.0,31.142857142857142
34,DAIRY,448.0,590.7142857142857
34,EGGS,172.0,149.57142857142858
34,FROZEN FOODS,57.0,67.80857142857143
34,GROCERY I,3918.172,4079.4331428571427
34,GROCERY II,5.0,8.142857142857142
34,HARDWARE,14.0,5.285714285714286
34,HOME AND KITCHEN I,15.0,20.428571428571427
34,HOME AND KITCHEN II,33.0,33.285714285714285
34,HOME APPLIANCES,0.0,0.0
34,HOME CARE,185.0,184.42857142857142
34,LADIESWEAR,0.0,2.0
34,LAWN AND GARDEN,0.0,4.285714285714286
34,DELI,209.011,216.96114285714287
31,GROCERY I,4441.289,4424.825714285714
33,POULTRY,274.233,248.41128571428573
33,PET SUPPLIES,3.0,2.4285714285714284
33,BEAUTY,1.0,3.0
33,BEVERAGES,2736.0,2556.8571428571427
33,BOOKS,0.0,0.0
33,BREAD/BAKERY,238.0,218.14285714285714
33,CELEBRATION,6.0,7.857142857142857
33,CLEANING,933.0,858.4285714285714
33,DAIRY,325.0,413.2857142857143
33,DELI,179.0,173.85714285714286
33,EGGS,141.0,247.42857142857142
33,FROZEN FOODS,28.0,65.24357142857143
33,GROCERY I,2972.0,2840.5714285714284
33,PLAYERS AND ELECTRONICS,5.0,3.5714285714285716
33,GROCERY II,3.0,4.0
33,HOME AND KITCHEN I,29.0,42.42857142857143
33,HOME AND KITCHEN II,19.0,17.142857142857142
33,HOME APPLIANCES,2.0,0.2857142857142857
33,HOME CARE,178.0,226.57142857142858
33,LADIESWEAR,0.0,0.0
33,LAWN AND GARDEN,0.0,0.0
33,LINGERIE,8.0,12.714285714285714
33,"LIQUOR,WINE,BEER",22.0,52.285714285714285
33,MAGAZINES,2.0,1.8571428571428572
33,MEATS,81.658,247.14243142857143
33,PERSONAL CARE,228.0,200.28571428571428
33,HARDWARE,2.0,0.5714285714285714
31,FROZEN FOODS,89.825,98.3527142857143
31,EGGS,341.0,315.42857142857144
31,DELI,189.184,232.43714285714287
28,POULTRY,197.183,219.63814285714287
28,PREPARED FOODS,91.024,82.46014285714286
28,PRODUCE,2865.329,1611.920285714286
28,SCHOOL AND OFFICE SUPPLIES,2.0,2.2857142857142856
28,SEAFOOD,5.0,3.4285714285714284
29,AUTOMOTIVE,11.0,5.857142857142857
29,BABY CARE,1.0,0.5714285714285714
29,BEAUTY,4.0,3.2857142857142856
29,BEVERAGES,3681.0,3225.285714285714
29,BOOKS,0.0,0.0
29,BREAD/BAKERY,679.0,656.4285714285714
28,PLAYERS AND ELECTRONICS,7.0,5.571428571428571
29,CELEBRATION,12.0,13.428571428571429
29,DAIRY,631.0,665.7142857142857
29,DELI,252.221,262.742
29,EGGS,212.0,212.0
29,FROZEN FOODS,39.0,79.26871428571428
29,GROCERY I,3679.531,3800.4944285714287
29,GROCERY II,23.0,18.0
29,HARDWARE,3.0,2.0
29,HOME AND KITCHEN I,23.0,29.428571428571427
29,HOME AND KITCHEN II,21.0,17.714285714285715
29,HOME APPLIANCES,0.0,0.0
29,HOME CARE,228.0,225.57142857142858
29,CLEANING,853.0,868.4285714285714
29,LADIESWEAR,0.0,0.0
28,PET SUPPLIES,4.0,5.142857142857143
28,MEATS,213.156,200.02257142857144
28,AUTOMOTIVE,4.0,4.285714285714286
28,BABY CARE,0.0,0.0
28,BEAUTY,4.0,3.0
28,BEVERAGES,2938.0,3509.714285714286
28,BOOKS,0.0,0.0
28,BREAD/BAKERY,570.0,608.1428571428571
28,CELEBRATION,11.0,14.857142857142858
28,CLEANING,1101.0,1092.5714285714287
28,DAIRY,703.0,789.4285714285714
28,DELI,319.171,345.39242857142864
28,EGGS,218.0,218.28571428571428
28,PERSONAL CARE,254.0,292.42857142857144
28,FROZEN FOODS,66.0,76.15842857142857
28,GROCERY II,25.0,21.142857142857142
28,HARDWARE,0.0,0.42857142857142855
28,HOME AND KITCHEN I,17.0,28.714285714285715
28,HOME AND KITCHEN II,6.0,17.428571428571427
28,HOME APPLIANCES,5.0,1.1428571428571428
28,HOME CARE,228.0,238.71428571428572
28,LADIESWEAR,0.0,0.0
28,LAWN AND GARDEN,6.0,8.0
28,LINGERIE,6.0,5.428571428571429
28,"LIQUOR,WINE,BEER",36.0,61.0
28,MAGAZINES,2.0,1.1428571428571428
28,GROCERY I,4040.906,6071.208571428571
34,LINGERIE,3.0,4.285714285714286
29,LAWN AND GARDEN,6.0,6.714285714285714
29,"LIQUOR,WINE,BEER",12.0,105.71428571428571
30,HOME CARE,105.0,152.42857142857142
30,LADIESWEAR,3.0,1.4285714285714286
30,LAWN AND GARDEN,0.0,0.0
30,LINGERIE,0.0,2.142857142857143
30,"LIQUOR,WINE,BEER",29.0,48.42857142857143
30,MAGAZINES,0.0,1.0
30,MEATS,60.294,65.52728571428572
30,PERSONAL CARE,63.0,72.0
30,PET SUPPLIES,0.0,1.7142857142857142
30,PLAYERS AND ELECTRONICS,4.0,4.0
30,POULTRY,89.192,104.56628571428573
30,HOME APPLIANCES,0.0,0.0
30,PREPARED FOODS,22.0,20.571428571428573
30,SCHOOL AND OFFICE SUPPLIES,1.0,0.14285714285714285
30,SEAFOOD,0.0,3.4285714285714284
31,AUTOMOTIVE,3.0,8.428571428571429
31,BABY CARE,0.0,0.0
31,BEAUTY,1.0,1.7142857142857142
31,BEVERAGES,3260.0,3517.1428571428573
31,BOOKS,0.0,0.0
31,BREAD/BAKERY,586.0,534.8571428571429
31,CELEBRATION,15.0,11.142857142857142
31,CLEANING,1022.0,1004.2857142857143
31,DAIRY,623.0,632.4285714285714
30,PRODUCE,1349.111,602.8547142857143
29,LINGERIE,6.0,7.857142857142857
30,HOME AND KITCHEN II,7.0,7.857142857142857
30,HARDWARE,0.0,0.42857142857142855
29,MAGAZINES,4.0,1.5714285714285714
29,MEATS,120.024,117.91142857142857
29,PERSONAL CARE,225.0,200.42857142857142
29,PET SUPPLIES,7.0,4.285714285714286
29,PLAYERS AND ELECTRONICS,7.0,6.285714285714286
29,POULTRY,221.36,184.93971428571427
29,PREPARED FOODS,69.937,68.58414285714287
29,PRODUCE,2251.4,1171.9282857142857
29,SCHOOL AND OFFICE SUPPLIES,5.0,2.4285714285714284
29,SEAFOOD,7.0,7.285714285714286
30,AUTOMOTIVE,0.0,3.2857142857142856
30,HOME AND KITCHEN I,16.0,13.428571428571429
30,BABY CARE,0.0,0.42857142857142855
30,BEVERAGES,1300.0,1346.5714285714287
30,BOOKS,0.0,0.0
30,BREAD/BAKERY,163.0,168.28571428571428
30,CELEBRATION,1.0,5.714285714285714
30,CLEANING,512.0,447.7142857142857
30,DAIRY,244.0,250.0
30,DELI,82.0,112.14285714285714
30,EGGS,115.0,135.71428571428572
30,FROZEN FOODS,53.0,52.36428571428565
30,GROCERY I,1945.0,1901.142857142857
30,GROCERY II,3.0,7.0
30,BEAUTY,1.0,0.2857142857142857
54,PRODUCE,790.013,655.6298571428571
34,"LIQUOR,WINE,BEER",10.0,28.857142857142858
34,MEATS,145.142,166.42114285714288
39,AUTOMOTIVE,4.0,7.857142857142857
39,BABY CARE,0.0,0.2857142857142857
39,BEAUTY,3.0,2.2857142857142856
39,BEVERAGES,3863.0,3402.1428571428573
39,BOOKS,0.0,0.0
39,BREAD/BAKERY,654.0,645.5714285714286
39,CELEBRATION,4.0,5.285714285714286
39,CLEANING,1328.0,1283.2857142857142
39,DAIRY,732.0,578.5714285714286
39,DELI,195.7,172.30014285714287
39,EGGS,309.0,396.7142857142857
39,FROZEN FOODS,72.0,67.42857142857143
39,GROCERY I,6052.422,4939.923
39,GROCERY II,26.0,27.285714285714285
39,HARDWARE,0.0,1.0
39,HOME AND KITCHEN I,25.0,26.0
39,HOME AND KITCHEN II,30.0,17.428571428571427
39,HOME APPLIANCES,0.0,0.0
39,HOME CARE,604.0,348.7142857142857
39,LADIESWEAR,6.0,5.428571428571429
39,LAWN AND GARDEN,18.0,14.142857142857142
39,LINGERIE,10.0,6.714285714285714
39,"LIQUOR,WINE,BEER",32.0,53.857142857142854
38,SEAFOOD,5.0,16.217000000000002
38,SCHOOL AND OFFICE SUPPLIES,0.0,6.857142857142857
38,PRODUCE,1744.849,2058.1534285714283
38,PREPARED FOODS,41.748,76.35
38,BREAD/BAKERY,419.073,431.81357142857144
38,CELEBRATION,11.0,14.0
38,CLEANING,679.0,784.7142857142857
38,DAIRY,758.0,746.4285714285714
38,DELI,140.339,146.571
38,EGGS,70.0,80.57142857142857
38,FROZEN FOODS,106.05,114.52828571428573
38,GROCERY I,2928.0,3256.4285714285716
38,GROCERY II,39.0,33.57142857142857
38,HARDWARE,1.0,1.0
38,HOME AND KITCHEN I,33.0,47.57142857142857
39,MAGAZINES,0.0,5.857142857142857
38,HOME AND KITCHEN II,29.0,23.857142857142858
38,HOME CARE,249.0,286.2857142857143
38,LADIESWEAR,26.0,25.428571428571427
38,LAWN AND GARDEN,18.0,16.0
38,LINGERIE,18.0,12.714285714285714
38,"LIQUOR,WINE,BEER",50.0,159.85714285714286
38,MAGAZINES,16.0,15.857142857142858
38,MEATS,135.978,154.82500000000002
38,PERSONAL CARE,240.0,326.2857142857143
38,PET SUPPLIES,6.0,9.142857142857142
38,PLAYERS AND ELECTRONICS,16.0,11.857142857142858
38,POULTRY,94.89,137.85671428571428
38,HOME APPLIANCES,0.0,0.0
39,MEATS,188.902,158.67528628571432
39,PERSONAL CARE,268.0,261.0
39,PET SUPPLIES,6.0,6.571428571428571
40,"LIQUOR,WINE,BEER",105.0,36.142857142857146
40,MAGAZINES,1.0,2.2857142857142856
40,MEATS,146.442,139.41685714285714
40,PERSONAL CARE,316.0,277.57142857142856
40,PET SUPPLIES,4.0,3.2857142857142856
40,PLAYERS AND ELECTRONICS,23.0,12.142857142857142
40,POULTRY,187.287,176.15143000000003
40,PREPARED FOODS,58.0,52.0
40,PRODUCE,2167.914,1161.2312857142858
40,SCHOOL AND OFFICE SUPPLIES,0.0,0.0
40,SEAFOOD,0.0,5.857142857142857
40,LINGERIE,8.0,10.0
41,AUTOMOTIVE,6.0,6.571428571428571
41,BEAUTY,12.0,12.571428571428571
41,BEVERAGES,1587.0,1994.0
41,BOOKS,0.0,0.0
41,BREAD/BAKERY,412.874,487.69485714285713
41,CELEBRATION,15.0,12.285714285714286
41,CLEANING,854.0,875.1428571428571
41,DAIRY,565.0,705.7142857142857
41,DELI,180.851,210.60914285714284
41,EGGS,84.0,129.57142857142858
41,FROZEN FOODS,111.925,169.05285714285714
41,GROCERY I,2946.0,3398.5714285714284
41,BABY CARE,0.0,0.0
38,BOOKS,0.0,0.0
40,LAWN AND GARDEN,0.0,0.14285714285714285
40,HOME CARE,405.0,370.7142857142857
39,PLAYERS AND ELECTRONICS,17.0,11.0
39,POULTRY,213.112,221.55243
39,PREPARED FOODS,61.937,52.357143428571426
39,PRODUCE,2600.935,1535.3797142857143
39,SCHOOL AND OFFICE SUPPLIES,4.0,9.571428571428571
39,SEAFOOD,7.054,12.522428571428573
40,AUTOMOTIVE,3.0,1.8571428571428572
40,BABY CARE,0.0,0.0
40,BEAUTY,4.0,3.0
40,BEVERAGES,4050.0,4900.714285714285
40,BOOKS,0.0,0.0
40,LADIESWEAR,0.0,0.0
40,BREAD/BAKERY,536.0,444.85714285714283
40,CLEANING,1504.0,1460.4285714285713
40,DAIRY,641.0,638.7142857142857
40,DELI,283.0,262.57142857142856
40,EGGS,216.0,196.85714285714286
40,FROZEN FOODS,84.264,75.97528571428565
40,GROCERY I,5497.0,6456.571428571428
40,GROCERY II,6.0,10.0
40,HARDWARE,3.0,2.2857142857142856
40,HOME AND KITCHEN I,32.0,29.285714285714285
40,HOME AND KITCHEN II,25.0,24.142857142857142
40,HOME APPLIANCES,0.0,0.0
40,CELEBRATION,5.0,14.571428571428571
38,BEVERAGES,1639.0,2029.0
38,BEAUTY,1.0,7.142857142857143
38,BABY CARE,0.0,0.0
35,LAWN AND GARDEN,0.0,0.0
35,LINGERIE,0.0,0.2857142857142857
35,"LIQUOR,WINE,BEER",9.0,67.0
35,MAGAZINES,0.0,1.1428571428571428
35,MEATS,245.05501,184.25585857142855
35,PERSONAL CARE,71.0,67.0
35,PET SUPPLIES,1.0,0.7142857142857143
35,PLAYERS AND ELECTRONICS,1.0,1.0
35,POULTRY,51.89,61.34614271428571
35,PREPARED FOODS,15.0,19.714285714285715
35,PRODUCE,753.143,416.88799714285716
35,LADIESWEAR,0.0,0.0
35,SCHOOL AND OFFICE SUPPLIES,0.0,0.0
36,AUTOMOTIVE,2.0,5.857142857142857
36,BABY CARE,0.0,0.0
36,BEAUTY,1.0,1.4285714285714286
36,BEVERAGES,4079.0,3954.714285714286
36,BOOKS,0.0,0.0
36,BREAD/BAKERY,605.0,541.7142857142857
36,CELEBRATION,8.0,12.428571428571429
36,CLEANING,992.0,821.5714285714286
36,DAIRY,701.0,592.2857142857143
36,DELI,204.865,207.72228571428568
36,EGGS,160.0,150.42857142857142
35,SEAFOOD,1.0,1.4285714285714286
36,FROZEN FOODS,83.0,133.08457142857145
35,HOME CARE,84.0,84.28571428571429
35,HOME AND KITCHEN II,5.0,4.571428571428571
34,PERSONAL CARE,212.0,244.71428571428572
34,PET SUPPLIES,5.0,2.857142857142857
34,PLAYERS AND ELECTRONICS,2.0,6.285714285714286
34,POULTRY,128.0,155.05185857142857
34,PREPARED FOODS,22.0,29.153
34,PRODUCE,1071.539,683.242142857143
34,SCHOOL AND OFFICE SUPPLIES,12.0,5.428571428571429
34,SEAFOOD,1.0,2.0
35,AUTOMOTIVE,5.0,3.4285714285714284
35,BABY CARE,0.0,0.0
35,BEAUTY,0.0,0.7142857142857143
35,HOME APPLIANCES,0.0,0.0
35,BEVERAGES,1109.0,1554.7142857142858
35,BREAD/BAKERY,160.0,128.71428571428572
35,CELEBRATION,3.0,2.142857142857143
35,CLEANING,346.0,431.42857142857144
35,DAIRY,169.0,177.28571428571428
35,DELI,85.0,98.57142857142857
35,EGGS,165.0,159.0
35,FROZEN FOODS,33.0,78.85714285714286
35,GROCERY I,1918.0,1925.142857142857
35,GROCERY II,6.0,4.0
35,HARDWARE,0.0,1.1428571428571428
35,HOME AND KITCHEN I,4.0,8.285714285714286
35,BOOKS,0.0,0.0
34,MAGAZINES,3.0,2.2857142857142856
36,GROCERY I,4029.5,3760.394
36,HARDWARE,0.0,0.42857142857142855
37,EGGS,110.0,104.28571428571429
37,FROZEN FOODS,105.0,102.98357142857142
37,GROCERY I,3329.0,2926.1428571428573
37,GROCERY II,34.0,36.714285714285715
37,HARDWARE,0.0,1.5714285714285714
37,HOME AND KITCHEN I,18.0,33.0
37,HOME AND KITCHEN II,89.0,33.857142857142854
37,HOME APPLIANCES,0.0,0.0
37,HOME CARE,177.0,181.28571428571428
37,LADIESWEAR,23.0,18.0
37,LAWN AND GARDEN,14.0,17.714285714285715
37,DELI,114.455,130.8731434285714
37,LINGERIE,5.0,1.5714285714285714
37,MAGAZINES,12.0,10.714285714285714
37,MEATS,198.515,203.61556857142855
37,PERSONAL CARE,247.0,225.0
37,PET SUPPLIES,7.0,10.857142857142858
37,PLAYERS AND ELECTRONICS,8.0,12.571428571428571
37,POULTRY,232.395,232.09885714285716
37,PREPARED FOODS,59.003998,68.813429
37,PRODUCE,2055.161,2238.7974285714286
37,SCHOOL AND OFFICE SUPPLIES,0.0,0.0
37,SEAFOOD,7.703,11.626857000000003
38,AUTOMOTIVE,2.0,5.142857142857143
37,"LIQUOR,WINE,BEER",62.0,100.42857142857143
36,GROCERY II,8.0,10.285714285714286
37,DAIRY,765.0,746.1428571428571
37,CELEBRATION,7.0,6.428571428571429
36,HOME AND KITCHEN I,182.0,56.142857142857146
36,HOME AND KITCHEN II,14.0,9.571428571428571
36,HOME APPLIANCES,0.0,0.0
36,HOME CARE,208.0,205.85714285714286
36,LADIESWEAR,0.0,0.0
36,LAWN AND GARDEN,30.0,29.857142857142858
36,LINGERIE,5.0,4.714285714285714
36,"LIQUOR,WINE,BEER",43.0,92.0
36,MAGAZINES,2.0,1.7142857142857142
36,MEATS,274.402,251.64243000000002
36,PERSONAL CARE,199.0,203.14285714285714
37,CLEANING,815.0,706.5714285714286
36,PET SUPPLIES,4.0,4.285714285714286
36,POULTRY,135.302,119.96585642857143
36,PREPARED FOODS,42.0,40.832
36,PRODUCE,3079.159,1455.6031428571428
36,SCHOOL AND OFFICE SUPPLIES,0.0,0.8571428571428571
36,SEAFOOD,1.0,2.142857142857143
37,AUTOMOTIVE,5.0,4.142857142857143
37,BABY CARE,0.0,0.0
37,BEAUTY,7.0,8.857142857142858
37,BEVERAGES,2368.0,2250.1428571428573
37,BOOKS,0.0,0.0
37,BREAD/BAKERY,483.408,458.9631428571428
36,PLAYERS AND ELECTRONICS,3.0,2.857142857142857
54,SEAFOOD,12.0,3.0
